Workbook

Sheet Dashboard
A1: Program 1

Sheet StudentData
A1: Student_ID | B1: Gender | C1: Age | D1: Address | E1: Mother_Education | F1: Father_Education | G1: Internet_Access | H1: School_Support | I1: Family_Support | J1: Extra_Curricular_Activities | K1: Wants_Higher_Education | L1: Study_Time | M1: Number_of_class_Failures | N1: Number_of_Absences | O1: Final_Grade | P1: Dropped_Out
A2: STU0001 | B2: M | C2: 19 | D2: Urban | E2: Primary | F2: Secondary | G2: yes | H2: yes | I2: no | J2: yes | K2: yes | L2: 2 | M2: 0 | N2: 2 | O2: 14 | P2: =FALSE() -> FALSE
A3: STU0002 | B3: F | C3: 21 | D3: Rural | E3: Secondary | F3: Primary | G3: no | H3: yes | I3: yes | J3: no | K3: yes | L3: 2 | M3: 0 | N3: 5 | O3: 17 | P3: =FALSE() -> FALSE
A4: STU0003 | B4: M | C4: 20 | D4: Rural | E4: Primary | F4: Primary | G4: yes | H4: yes | I4: no | J4: yes | K4: yes | L4: 3 | M4: 0 | N4: 3 | O4: 13 | P4: =FALSE() -> FALSE
A5: STU0004 | B5: M | C5: 16 | D5: Urban | E5: Secondary | F5: Primary | G5: yes | H5: yes | I5: no | J5: no | K5: no | L5: 2 | M5: 0 | N5: 8 | O5: 16 | P5: =FALSE() -> FALSE
A6: STU0005 | B6: F | C6: 21 | D6: Urban | E6: Secondary | F6: Primary | G6: no | H6: no | I6: no | J6: no | K6: yes | L6: 3 | M6: 0 | N6: 12 | O6: 12 | P6: =FALSE() -> FALSE
A7: STU0006 | B7: M | C7: 19 | D7: Urban | E7: Primary | F7: Secondary | G7: yes | H7: no | I7: no | J7: yes | K7: yes | L7: 4 | M7: 0 | N7: 6 | O7: 18 | P7: =FALSE() -> FALSE
A8: STU0007 | B8: M | C8: 17 | D8: Rural | E8: Secondary | F8: Higher | G8: yes | H8: yes | I8: yes | J8: no | K8: yes | L8: 2 | M8: 0 | N8: 9 | O8: 15 | P8: =FALSE() -> FALSE
A9: STU0008 | B9: M | C9: 19 | D9: Urban | E9: Higher | F9: Primary | G9: yes | H9: no | I9: yes | J9: no | K9: yes | L9: 2 | M9: 0 | N9: 0 | O9: 15 | P9: =FALSE() -> FALSE
A10: STU0009 | B10: F | C10: 22 | D10: Rural | F10: Secondary | G10: yes | H10: no | I10: no | J10: yes | K10: yes | L10: 3 | M10: 2 | N10: 18 | O10: 7 | P10: =TRUE() -> TRUE
A11: STU0010 | B11: F | C11: 21 | D11: Urban | E11: Secondary | F11: Secondary | G11: yes | H11: yes | I11: yes | J11: yes | K11: yes | L11: 2 | M11: 0 | N11: 7 | O11: 12 | P11: =FALSE() -> FALSE
A12: STU0011 | B12: F | C12: 21 | D12: Urban | E12: Higher | F12: Higher | G12: yes | H12: yes | I12: yes | J12: no | K12: yes | L12: 2 | M12: 3 | N12: 10 | O12: 6 | P12: =TRUE() -> TRUE
A13: STU0012 | B13: M | C13: 18 | D13: Urban | E13: Primary | F13: Secondary | G13: yes | H13: no | I13: yes | J13: no | K13: yes | L13: 2 | M13: 3 | N13: 8 | O13: 8 | P13: =TRUE() -> TRUE
A14: STU0013 | B14: M | C14: 21 | D14: Rural | F14: Primary | G14: yes | H14: no | I14: yes | J14: yes | K14: yes | L14: 2 | M14: 0 | N14: 7 | O14: 13 | P14: =FALSE() -> FALSE
A15: STU0014 | B15: M | C15: 18 | D15: Urban | E15: Primary | F15: Secondary | G15: yes | H15: yes | I15: yes | J15: yes | K15: yes | L15: 1 | M15: 1 | N15: 8 | O15: 9 | P15: =FALSE() -> FALSE
A16: STU0015 | B16: F | C16: 20 | D16: Urban | E16: Higher | F16: Primary | G16: yes | H16: no | I16: no | J16: no | K16: yes | L16: 2 | M16: 0 | N16: 11 | O16: 11 | P16: =FALSE() -> FALSE
A17: STU0016 | B17: F | C17: 20 | D17: Rural | F17: Higher | G17: yes | H17: no | I17: yes | J17: yes | K17: yes | L17: 1 | M17: 1 | N17: 12 | O17: 11 | P17: =FALSE() -> FALSE
A18: STU0017 | B18: M | C18: 16 | D18: Urban | E18: Primary | F18: Secondary | G18: yes | H18: no | I18: no | J18: no | K18: yes | L18: 2 | M18: 0 | N18: 7 | O18: 15 | P18: =FALSE() -> FALSE
A19: STU0018 | B19: F | C19: 17 | D19: Rural | F19: Secondary | G19: yes | H19: yes | I19: no | J19: yes | K19: yes | L19: 2 | M19: 0 | N19: 11 | O19: 11 | P19: =FALSE() -> FALSE
A20: STU0019 | B20: M | C20: 15 | D20: Urban | E20: Primary | G20: yes | H20: yes | I20: yes | J20: no | K20: yes | L20: 4 | M20: 0 | N20: 5 | O20: 15 | P20: =FALSE() -> FALSE
A21: STU0020 | B21: M | C21: 16 | D21: Urban | E21: Secondary | F21: Secondary | G21: yes | H21: no | I21: yes | J21: no | K21: no | L21: 1 | M21: 0 | N21: 5 | O21: 13 | P21: =FALSE() -> FALSE
A22: STU0021 | B22: M | C22: 18 | D22: Urban | E22: Primary | F22: Higher | G22: yes | H22: yes | I22: yes | J22: no | K22: yes | L22: 2 | M22: 3 | N22: 8 | O22: 9 | P22: =TRUE() -> TRUE
A23: STU0022 | B23: F | C23: 18 | D23: Urban | E23: Secondary | F23: Secondary | G23: no | H23: no | I23: no | J23: no | K23: yes | L23: 2 | M23: 0 | N23: 4 | O23: 15 | P23: =FALSE() -> FALSE
A24: STU0023 | B24: M | C24: 16 | D24: Urban | E24: Secondary | F24: Secondary | G24: yes | H24: no | I24: no | J24: no | K24: yes | L24: 1 | M24: 1 | N24: 11 | O24: 6 | P24: =TRUE() -> TRUE
A25: STU0024 | B25: M | C25: 18 | D25: Urban | E25: Higher | F25: Higher | G25: yes | H25: yes | I25: yes | J25: no | K25: yes | L25: 1 | M25: 3 | N25: 14 | O25: 4 | P25: =TRUE() -> TRUE
A26: STU0025 | B26: M | C26: 19 | D26: Urban | F26: Higher | G26: no | H26: no | I26: yes | J26: no | K26: yes | L26: 1 | M26: 0 | N26: 6 | O26: 10 | P26: =FALSE() -> FALSE
A27: STU0026 | B27: F | C27: 16 | D27: Urban | E27: Higher | F27: Primary | G27: yes | H27: no | I27: yes | J27: yes | K27: yes | L27: 1 | M27: 0 | N27: 5 | O27: 12 | P27: =FALSE() -> FALSE
A28: STU0027 | B28: F | C28: 17 | D28: Urban | E28: Secondary | F28: Secondary | G28: yes | H28: no | I28: yes | J28: no | K28: yes | L28: 1 | M28: 2 | N28: 8 | O28: 10 | P28: =TRUE() -> TRUE
A29: STU0028 | B29: F | C29: 17 | D29: Urban | E29: Primary | F29: Secondary | G29: no | H29: no | I29: no | J29: yes | K29: yes | L29: 2 | M29: 0 | N29: 5 | O29: 9 | P29: =FALSE() -> FALSE
A30: STU0029 | B30: F | C30: 19 | D30: Urban | E30: Higher | F30: Secondary | G30: yes | H30: no | I30: no | J30: no | K30: yes | L30: 2 | M30: 0 | N30: 4 | O30: 10 | P30: =FALSE() -> FALSE
A31: STU0030 | B31: M | C31: 17 | D31: Urban | E31: Higher | F31: Primary | G31: yes | H31: no | I31: yes | J31: no | K31: no | L31: 1 | M31: 0 | N31: 7 | O31: 10 | P31: =FALSE() -> FALSE
A32: STU0031 | B32: M | C32: 20 | D32: Urban | E32: Primary | F32: Primary | G32: yes | H32: no | I32: no | J32: yes | K32: yes | L32: 1 | M32: 2 | N32: 12 | O32: 6 | P32: =TRUE() -> TRUE
A33: STU0032 | B33: M | C33: 17 | D33: Urban | E33: Higher | F33: Higher | G33: yes | H33: no | I33: yes | J33: yes | K33: yes | L33: 1 | M33: 0 | N33: 4 | O33: 14 | P33: =FALSE() -> FALSE
A34: STU0033 | B34: F | C34: 18 | D34: Urban | E34: Secondary | F34: Higher | G34: yes | H34: no | I34: no | J34: yes | K34: yes | L34: 2 | M34: 0 | N34: 4 | O34: 14 | P34: =FALSE() -> FALSE
A35: STU0034 | B35: F | C35: 18 | D35: Urban | E35: Secondary | F35: Higher | G35: no | H35: yes | I35: yes | J35: no | K35: yes | L35: 2 | M35: 0 | N35: 5 | O35: 16 | P35: =FALSE() -> FALSE
A36: STU0035 | B36: F | C36: 16 | D36: Urban | E36: Higher | F36: Higher | G36: no | H36: yes | I36: yes | J36: yes | K36: yes | L36: 2 | M36: 0 | N36: 4 | O36: 10 | P36: =FALSE() -> FALSE
A37: STU0036 | B37: F | C37: 20 | D37: Urban | E37: Secondary | F37: Secondary | G37: yes | H37: yes | I37: no | J37: yes | K37: yes | L37: 1 | M37: 0 | N37: 3 | O37: 15 | P37: =FALSE() -> FALSE
A38: STU0037 | B38: F | C38: 16 | D38: Urban | E38: Higher | F38: Higher | G38: yes | H38: no | I38: yes | J38: no | K38: yes | L38: 1 | M38: 1 | N38: 6 | O38: 9 | P38: =FALSE() -> FALSE
A39: STU0038 | B39: F | C39: 17 | D39: Urban | E39: Secondary | F39: Higher | G39: yes | H39: no | I39: no | J39: no | K39: yes | L39: 4 | M39: 2 | N39: 20 | O39: 9 | P39: =TRUE() -> TRUE
A40: STU0039 | B40: F | C40: 21 | D40: Urban | E40: Higher | F40: Secondary | G40: no | H40: no | I40: no | J40: yes | K40: yes | L40: 1 | M40: 0 | N40: 12 | O40: 7 | P40: =FALSE() -> FALSE
A41: STU0040 | B41: M | C41: 22 | D41: Urban | E41: Secondary | F41: Secondary | G41: yes | H41: no | I41: yes | J41: yes | K41: yes | L41: 1 | M41: 0 | N41: 7 | O41: 12 | P41: =FALSE() -> FALSE
A42: STU0041 | B42: F | C42: 20 | D42: Rural | E42: Primary | F42: Primary | G42: no | H42: no | I42: yes | J42: no | K42: yes | L42: 1 | M42: 0 | N42: 5 | O42: 12 | P42: =FALSE() -> FALSE
A43: STU0042 | B43: M | C43: 22 | D43: Urban | E43: Secondary | F43: Secondary | G43: no | H43: no | I43: no | J43: no | K43: no | L43: 4 | M43: 0 | N43: 6 | O43: 16 | P43: =FALSE() -> FALSE
A44: STU0043 | B44: M | C44: 21 | D44: Urban | E44: Secondary | F44: Primary | G44: yes | H44: yes | I44: yes | J44: no | K44: yes | L44: 2 | M44: 0 | N44: 5 | O44: 11 | P44: =FALSE() -> FALSE
A45: STU0044 | B45: F | C45: 18 | D45: Urban | E45: Primary | F45: Primary | G45: yes | H45: no | I45: yes | J45: yes | K45: yes | L45: 2 | M45: 1 | N45: 10 | O45: 10 | P45: =FALSE() -> FALSE
A46: STU0045 | B46: M | C46: 21 | D46: Rural | F46: Secondary | G46: no | H46: no | I46: yes | J46: yes | K46: yes | L46: 4 | M46: 0 | N46: 7 | O46: 13 | P46: =FALSE() -> FALSE
A47: STU0046 | B47: M | C47: 17 | D47: Urban | E47: Secondary | F47: Secondary | G47: yes | H47: no | I47: no | J47: yes | K47: no | L47: 1 | M47: 0 | N47: 9 | O47: 12 | P47: =TRUE() -> TRUE
A48: STU0047 | B48: F | C48: 18 | D48: Urban | F48: Primary | G48: yes | H48: yes | I48: yes | J48: no | K48: yes | L48: 4 | M48: 0 | N48: 2 | O48: 18 | P48: =FALSE() -> FALSE
A49: STU0048 | B49: F | C49: 19 | D49: Urban | E49: Primary | F49: Higher | G49: no | H49: no | I49: yes | J49: yes | K49: yes | L49: 1 | M49: 0 | N49: 6 | O49: 14 | P49: =FALSE() -> FALSE
A50: STU0049 | B50: M | C50: 22 | D50: Urban | E50: Higher | F50: Higher | G50: yes | H50: no | I50: no | J50: yes | K50: no | L50: 2 | M50: 0 | N50: 3 | O50: 12 | P50: =FALSE() -> FALSE
A51: STU0050 | B51: F | C51: 21 | D51: Urban | E51: Higher | F51: Primary | G51: yes | H51: no | I51: yes | J51: no | K51: no | L51: 2 | M51: 2 | N51: 11 | O51: 10 | P51: =FALSE() -> FALSE
A52: STU0051 | B52: F | C52: 18 | D52: Rural | E52: Higher | G52: yes | H52: no | I52: no | J52: no | K52: yes | L52: 2 | M52: 1 | N52: 6 | O52: 13 | P52: =TRUE() -> TRUE
A53: STU0052 | B53: F | C53: 20 | D53: Rural | E53: Secondary | F53: Primary | G53: yes | H53: no | I53: yes | J53: no | K53: yes | L53: 4 | M53: 2 | N53: 11 | O53: 7 | P53: =TRUE() -> TRUE
A54: STU0053 | B54: M | C54: 16 | D54: Rural | E54: Higher | F54: Higher | G54: no | H54: no | I54: no | J54: yes | K54: yes | L54: 1 | M54: 2 | N54: 12 | O54: 6 | P54: =TRUE() -> TRUE
A55: STU0054 | B55: M | C55: 21 | D55: Urban | E55: Secondary | F55: Higher | G55: yes | H55: no | I55: no | J55: yes | K55: yes | L55: 4 | M55: 0 | N55: 5 | O55: 17 | P55: =FALSE() -> FALSE
A56: STU0055 | B56: M | C56: 19 | D56: Urban | E56: Primary | F56: Primary | G56: yes | H56: no | I56: yes | J56: yes | K56: yes | L56: 2 | M56: 2 | N56: 13 | O56: 7 | P56: =FALSE() -> FALSE
A57: STU0056 | B57: M | C57: 19 | D57: Rural | E57: Primary | F57: Higher | G57: yes | H57: no | I57: no | J57: yes | K57: yes | L57: 2 | M57: 0 | N57: 6 | O57: 10 | P57: =FALSE() -> FALSE
A58: STU0057 | B58: F | C58: 21 | D58: Urban | E58: Secondary | F58: Primary | G58: no | H58: yes | I58: yes | J58: yes | K58: yes | L58: 4 | M58: 0 | N58: 3 | O58: 18 | P58: =FALSE() -> FALSE
A59: STU0058 | B59: M | C59: 20 | D59: Rural | E59: Primary | F59: Secondary | G59: yes | H59: no | I59: yes | J59: yes | K59: yes | L59: 1 | M59: 0 | N59: 8 | O59: 9 | P59: =FALSE() -> FALSE
A60: STU0059 | B60: F | C60: 15 | D60: Urban | E60: Secondary | F60: Higher | G60: no | H60: no | I60: yes | J60: no | K60: yes | L60: 4 | M60: 0 | N60: 4 | O60: 15 | P60: =FALSE() -> FALSE
A61: STU0060 | B61: F | C61: 17 | D61: Urban | E61: Higher | F61: Primary | G61: yes | H61: yes | I61: no | J61: no | K61: yes | L61: 2 | M61: 0 | N61: 0 | O61: 14 | P61: =FALSE() -> FALSE
A62: STU0061 | B62: M | C62: 16 | D62: Urban | F62: Primary | G62: no | H62: no | I62: yes | J62: no | K62: no | L62: 3 | M62: 0 | N62: 6 | O62: 15 | P62: =FALSE() -> FALSE
A63: STU0062 | B63: F | C63: 20 | D63: Rural | F63: Secondary | G63: no | H63: no | I63: yes | J63: yes | K63: yes | L63: 1 | M63: 1 | N63: 8 | O63: 8 | P63: =FALSE() -> FALSE
A64: STU0063 | B64: M | C64: 15 | D64: Urban | E64: Higher | F64: Secondary | G64: no | H64: no | I64: yes | J64: yes | K64: yes | L64: 2 | M64: 1 | N64: 9 | O64: 9 | P64: =TRUE() -> TRUE
A65: STU0064 | B65: M | C65: 16 | D65: Urban | E65: Secondary | F65: Higher | G65: no | H65: no | I65: yes | J65: yes | K65: yes | L65: 2 | M65: 0 | N65: 6 | O65: 13 | P65: =FALSE() -> FALSE
A66: STU0065 | B66: M | C66: 19 | D66: Urban | E66: Primary | F66: Higher | G66: yes | H66: yes | I66: yes | J66: yes | K66: yes | L66: 2 | M66: 0 | N66: 10 | O66: 15 | P66: =FALSE() -> FALSE
A67: STU0066 | B67: M | C67: 20 | D67: Urban | E67: Higher | G67: yes | H67: no | I67: yes | J67: yes | K67: yes | L67: 1 | M67: 1 | N67: 9 | O67: 14 | P67: =FALSE() -> FALSE
A68: STU0067 | B68: M | C68: 19 | D68: Urban | E68: Higher | F68: Primary | G68: yes | H68: yes | I68: yes | J68: yes | K68: yes | L68: 1 | M68: 0 | N68: 8 | O68: 9 | P68: =FALSE() -> FALSE
A69: STU0068 | B69: F | C69: 21 | D69: Rural | E69: Secondary | F69: Higher | G69: yes | H69: no | I69: yes | J69: no | K69: yes | L69: 3 | M69: 0 | N69: 5 | O69: 15 | P69: =FALSE() -> FALSE
A70: STU0069 | B70: F | C70: 22 | D70: Urban | E70: Secondary | F70: Primary | G70: no | H70: no | I70: yes | J70: yes | K70: yes | L70: 1 | M70: 0 | N70: 3 | O70: 10 | P70: =FALSE() -> FALSE
A71: STU0070 | B71: F | C71: 16 | D71: Rural | E71: Primary | F71: Higher | G71: no | H71: no | I71: yes | J71: no | K71: no | L71: 3 | M71: 0 | N71: 5 | O71: 16 | P71: =FALSE() -> FALSE
A72: STU0071 | B72: F | C72: 22 | D72: Rural | E72: Primary | F72: Secondary | G72: yes | H72: yes | I72: no | J72: yes | K72: yes | L72: 4 | M72: 0 | N72: 8 | O72: 13 | P72: =FALSE() -> FALSE
A73: STU0072 | B73: F | C73: 19 | D73: Urban | E73: Secondary | F73: Primary | G73: yes | H73: yes | I73: yes | J73: yes | K73: no | L73: 1 | M73: 1 | N73: 7 | O73: 9 | P73: =FALSE() -> FALSE
A74: STU0073 | B74: M | C74: 20 | D74: Urban | E74: Primary | F74: Higher | G74: yes | H74: no | I74: yes | J74: yes | K74: yes | L74: 1 | M74: 1 | N74: 6 | O74: 9 | P74: =FALSE() -> FALSE
A75: STU0074 | B75: F | C75: 15 | D75: Urban | E75: Secondary | F75: Primary | G75: yes | H75: no | I75: yes | J75: yes | K75: no | L75: 2 | M75: 1 | N75: 6 | O75: 11 | P75: =FALSE() -> FALSE
A76: STU0075 | B76: F | C76: 19 | D76: Urban | E76: Higher | F76: Secondary | G76: yes | H76: no | I76: yes | J76: yes | K76: yes | L76: 1 | M76: 0 | N76: 2 | O76: 13 | P76: =FALSE() -> FALSE
A77: STU0076 | B77: F | C77: 20 | D77: Urban | F77: Secondary | G77: yes | H77: yes | I77: yes | J77: no | K77: yes | L77: 2 | M77: 1 | N77: 7 | O77: 12 | P77: =FALSE() -> FALSE
A78: STU0077 | B78: F | C78: 19 | D78: Rural | E78: Secondary | F78: Secondary | G78: yes | H78: yes | I78: no | J78: yes | K78: yes | L78: 3 | M78: 0 | N78: 7 | O78: 14 | P78: =FALSE() -> FALSE
A79: STU0078 | B79: M | C79: 15 | D79: Rural | E79: Primary | F79: Secondary | G79: yes | H79: no | I79: yes | J79: yes | K79: yes | L79: 2 | M79: 0 | N79: 3 | O79: 11 | P79: =FALSE() -> FALSE
A80: STU0079 | B80: M | C80: 19 | D80: Rural | E80: Higher | F80: Secondary | G80: yes | H80: yes | I80: yes | J80: no | K80: yes | L80: 2 | M80: 0 | N80: 4 | O80: 15 | P80: =FALSE() -> FALSE
A81: STU0080 | B81: M | C81: 22 | D81: Urban | E81: Primary | F81: Higher | G81: yes | H81: no | I81: yes | J81: yes | K81: yes | L81: 3 | M81: 0 | N81: 6 | O81: 14 | P81: =FALSE() -> FALSE
A82: STU0081 | B82: M | C82: 20 | D82: Rural | E82: Secondary | F82: Higher | G82: no | H82: no | I82: yes | J82: no | K82: yes | L82: 2 | M82: 0 | N82: 5 | O82: 15 | P82: =FALSE() -> FALSE
A83: STU0082 | B83: F | C83: 16 | D83: Rural | E83: Secondary | F83: Secondary | G83: yes | H83: yes | I83: yes | J83: yes | K83: yes | L83: 1 | M83: 0 | N83: 5 | O83: 11 | P83: =FALSE() -> FALSE
A84: STU0083 | B84: M | C84: 22 | D84: Urban | E84: Secondary | F84: Primary | G84: yes | H84: no | I84: yes | J84: no | K84: no | L84: 2 | M84: 0 | N84: 8 | O84: 10 | P84: =TRUE() -> TRUE
A85: STU0084 | B85: F | C85: 22 | D85: Urban | E85: Secondary | F85: Secondary | G85: yes | H85: yes | I85: yes | J85: yes | K85: yes | L85: 3 | M85: 0 | N85: 7 | O85: 14 | P85: =FALSE() -> FALSE
A86: STU0085 | B86: F | C86: 16 | D86: Urban | E86: Higher | F86: Higher | G86: yes | H86: no | I86: yes | J86: yes | K86: yes | L86: 2 | M86: 0 | N86: 8 | O86: 15 | P86: =FALSE() -> FALSE
A87: STU0086 | B87: F | C87: 21 | D87: Urban | E87: Secondary | F87: Primary | G87: no | H87: no | I87: no | J87: no | K87: yes | L87: 2 | M87: 0 | N87: 8 | O87: 12 | P87: =FALSE() -> FALSE
A88: STU0087 | B88: M | C88: 18 | D88: Urban | E88: Higher | F88: Secondary | G88: yes | H88: no | I88: no | J88: no | K88: yes | L88: 2 | M88: 3 | N88: 15 | O88: 4 | P88: =TRUE() -> TRUE
A89: STU0088 | B89: F | C89: 19 | D89: Urban | E89: Higher | F89: Secondary | G89: yes | H89: yes | I89: yes | J89: yes | K89: yes | L89: 1 | M89: 0 | N89: 8 | O89: 10 | P89: =FALSE() -> FALSE
A90: STU0089 | B90: F | C90: 18 | D90: Urban | E90: Secondary | G90: no | H90: no | I90: yes | J90: no | K90: yes | L90: 1 | M90: 0 | N90: 4 | O90: 15 | P90: =FALSE() -> FALSE
A91: STU0090 | B91: F | C91: 21 | D91: Rural | E91: Secondary | F91: Secondary | G91: no | H91: no | I91: no | J91: yes | K91: yes | L91: 1 | M91: 0 | N91: 8 | O91: 8 | P91: =TRUE() -> TRUE
A92: STU0091 | B92: F | C92: 22 | D92: Rural | F92: Secondary | G92: yes | H92: yes | I92: yes | J92: yes | K92: yes | L92: 4 | M92: 2 | N92: 6 | O92: 10 | P92: =TRUE() -> TRUE
A93: STU0092 | B93: M | C93: 21 | D93: Urban | E93: Higher | F93: Higher | G93: yes | H93: yes | I93: no | J93: yes | K93: yes | L93: 1 | M93: 0 | N93: 7 | O93: 13 | P93: =FALSE() -> FALSE
A94: STU0093 | B94: F | C94: 22 | D94: Rural | E94: Secondary | F94: Higher | G94: yes | H94: yes | I94: no | J94: no | K94: yes | L94: 3 | M94: 2 | N94: 11 | O94: 5 | P94: =TRUE() -> TRUE
A95: STU0094 | B95: F | C95: 22 | D95: Rural | E95: Secondary | F95: Higher | G95: yes | H95: no | I95: no | J95: yes | K95: yes | L95: 1 | M95: 0 | N95: 11 | O95: 13 | P95: =FALSE() -> FALSE
A96: STU0095 | B96: F | C96: 15 | D96: Urban | E96: Primary | F96: Secondary | G96: yes | H96: no | I96: no | J96: no | K96: yes | L96: 2 | M96: 0 | N96: 12 | O96: 13 | P96: =FALSE() -> FALSE
A97: STU0096 | B97: M | C97: 17 | D97: Urban | E97: Higher | F97: Primary | G97: yes | H97: no | I97: yes | J97: yes | K97: no | L97: 2 | M97: 0 | N97: 3 | O97: 16 | P97: =FALSE() -> FALSE
A98: STU0097 | B98: F | C98: 20 | D98: Urban | E98: Secondary | F98: Secondary | G98: no | H98: no | I98: yes | J98: no | K98: yes | L98: 2 | M98: 0 | N98: 6 | O98: 14 | P98: =FALSE() -> FALSE
A99: STU0098 | B99: F | C99: 19 | D99: Urban | E99: Secondary | F99: Higher | G99: yes | H99: no | I99: yes | J99: no | K99: yes | L99: 3 | M99: 1 | N99: 5 | O99: 12 | P99: =FALSE() -> FALSE
A100: STU0099 | B100: F | C100: 15 | D100: Rural | E100: Primary | F100: Secondary | G100: yes | H100: no | I100: yes | J100: yes | K100: yes | L100: 4 | M100: 2 | N100: 11 | O100: 8 | P100: =TRUE() -> TRUE
...

Sheet Retention Overview
A1: Overall Student Dropout Rate
A3: Dropped_Out | B3: Count of Students | C3: % of Grand Total
A4: FALSE | B4: =COUNTIF(StudentData!$P$2:$P$301,A4) -> 244 | C4: =B4/$B$6 -> 0.81333333
A5: TRUE | B5: =COUNTIF(StudentData!$P$2:$P$301,A5) -> 56 | C5: =B5/$B$6 -> 0.18666667
A6: Grand Total | B6: =SUM(B4:B5) -> 300 | C6: =B6/B6 -> 1

Sheet Grades Distribution
A1: Final Grade Distribution
A3: Final_Grade | B3: Number of Students
A4: 0 | B4: =COUNTIF(StudentData!$O$2:$O$301,A4) -> 0
A5: 1 | B5: =COUNTIF(StudentData!$O$2:$O$301,A5) -> 2
A6: 2 | B6: =COUNTIF(StudentData!$O$2:$O$301,A6) -> 0
A7: 3 | B7: =COUNTIF(StudentData!$O$2:$O$301,A7) -> 2
A8: 4 | B8: =COUNTIF(StudentData!$O$2:$O$301,A8) -> 4
A9: 5 | B9: =COUNTIF(StudentData!$O$2:$O$301,A9) -> 3
A10: 6 | B10: =COUNTIF(StudentData!$O$2:$O$301,A10) -> 9
A11: 7 | B11: =COUNTIF(StudentData!$O$2:$O$301,A11) -> 11
A12: 8 | B12: =COUNTIF(StudentData!$O$2:$O$301,A12) -> 7
A13: 9 | B13: =COUNTIF(StudentData!$O$2:$O$301,A13) -> 25
A14: 10 | B14: =COUNTIF(StudentData!$O$2:$O$301,A14) -> 27
A15: 11 | B15: =COUNTIF(StudentData!$O$2:$O$301,A15) -> 31
... A24: 20 | B24: =COUNTIF(StudentData!$O$2:$O$301,A24) -> 0

Sheet Grades Distribution 1
A1: Row Labels | B1: Sum of Number of Students
A2: 0 | B2: 0
A3: 1 | B3: 2
A4: 2 | B4: 0
A5: 3 | B5: 2
A6: 4 | B6: 4
A7: 5 | B7: 3
A8: 6 | B8: 9
A9: 7 | B9: 11
A10: 8 | B10: 7
A11: 9 | B11: 25
A12: 10 | B12: 27
A13: 11 | B13: 31
... A22: 20 | B22: 0
A23: Grand Total | B23: 300

Sheet Failures_Impact
A1: Dropout Status by Class Failures
A3: Number_of_class_Failures | B3: FALSE | C3: TRUE
A4: 0 | B4: =COUNTIFS(StudentData!$M$2:$M$301,A4,StudentData!$P$2:$P$301,"FALSE") -> 208 | C4: =COUNTIFS(StudentData!$M$2:$M$301,A4,StudentData!$P$2:$P$301,"TRUE") -> 7
A5: 1 | B5: =COUNTIFS(StudentData!$M$2:$M$301,A5,StudentData!$P$2:$P$301,"FALSE") -> 30 | C5: =COUNTIFS(StudentData!$M$2:$M$301,A5,StudentData!$P$2:$P$301,"TRUE") -> 14
A6: 2 | B6: =COUNTIFS(StudentData!$M$2:$M$301,A6,StudentData!$P$2:$P$301,"FALSE") -> 5 | C6: =COUNTIFS(StudentData!$M$2:$M$301,A6,StudentData!$P$2:$P$301,"TRUE") -> 23
A7: 3 | B7: =COUNTIFS(StudentData!$M$2:$M$301,A7,StudentData!$P$2:$P$301,"FALSE") -> 1 | C7: =COUNTIFS(StudentData!$M$2:$M$301,A7,StudentData!$P$2:$P$301,"TRUE") -> 12

Sheet Study Time Impact
A1: Average Final Grade by Study Time
A3: Study_Time | B3: Average of Final_Grade
A4: 1 (<2 hrs) | B4: =ROUND(AVERAGEIFS(StudentData!$O$2:$O$301,StudentData!$L$2:$L$301,1),0) -> 11
A5: 2 (2-5 hrs) | B5: =ROUND(AVERAGEIFS(StudentData!$O$2:$O$301,StudentData!$L$2:$L$301,2),0) -> 12
A6: 3 (5-10 hrs) | B6: =ROUND(AVERAGEIFS(StudentData!$O$2:$O$301,StudentData!$L$2:$L$301,3),0) -> 13
A7: 4 (>10 hrs) | B7: =ROUND(AVERAGEIFS(StudentData!$O$2:$O$301,StudentData!$L$2:$L$301,4),0) -> 13

Sheet Support Effect
A1: Average Final Grade by School & Family Support
A3: Family_Support | B3: School_Support: no | C3: School_Support: yes
A4: no | B4: =ROUND(AVERAGEIFS(StudentData!$O$2:$O$301,StudentData!$I$2:$I$301,A4,StudentData!$H$2:$H$301,"no"),1) -> 11 | C4: =ROUND(AVERAGEIFS(StudentData!$O$2:$O$301,StudentData!$I$2:$I$301,A4,StudentData!$H$2:$H$301,"yes"),1) -> 12.3
A5: yes | B5: =ROUND(AVERAGEIFS(StudentData!$O$2:$O$301,StudentData!$I$2:$I$301,A5,StudentData!$H$2:$H$301,"no"),1) -> 11.9 | C5: =ROUND(AVERAGEIFS(StudentData!$O$2:$O$301,StudentData!$I$2:$I$301,A5,StudentData!$H$2:$H$301,"yes"),1) -> 12.6

Sheet Absences Impact
A1: Average Final Grade by Number of Absences
A3: Absence_Bucket | B3: Average of Final_Grade
A4: 0-3 | B4: =IFERROR(ROUND(AVERAGEIFS(StudentData!$O$2:$O$301,StudentData!$N$2:$N$301,">="&0,StudentData!$N$2:$N$301,"<="&3),1),0) -> 13.9
A5: 4-7 | B5: =IFERROR(ROUND(AVERAGEIFS(StudentData!$O$2:$O$301,StudentData!$N$2:$N$301,">="&4,StudentData!$N$2:$N$301,"<="&7),1),0) -> 12.9
A6: 8-11 | B6: =IFERROR(ROUND(AVERAGEIFS(StudentData!$O$2:$O$301,StudentData!$N$2:$N$301,">="&8,StudentData!$N$2:$N$301,"<="&11),1),0) -> 10.4
A7: 12-15 | B7: =IFERROR(ROUND(AVERAGEIFS(StudentData!$O$2:$O$301,StudentData!$N$2:$N$301,">="&12,StudentData!$N$2:$N$301,"<="&15),1),0) -> 7.7
A8: 16-19 | B8: =IFERROR(ROUND(AVERAGEIFS(StudentData!$O$2:$O$301,StudentData!$N$2:$N$301,">="&16,StudentData!$N$2:$N$301,"<="&19),1),0) -> 6
A9: 20-23 | B9: =IFERROR(ROUND(AVERAGEIFS(StudentData!$O$2:$O$301,StudentData!$N$2:$N$301,">="&20,StudentData!$N$2:$N$301,"<="&23),1),0) -> 9
A10: 24-27 | B10: =IFERROR(ROUND(AVERAGEIFS(StudentData!$O$2:$O$301,StudentData!$N$2:$N$301,">="&24,StudentData!$N$2:$N$301,"<="&27),1),0) -> 0
A11: 28-32 | B11: =IFERROR(ROUND(AVERAGEIFS(StudentData!$O$2:$O$301,StudentData!$N$2:$N$301,">="&28,StudentData!$N$2:$N$301,"<="&32),1),0) -> 0

Sheet Demographics
A1: Demographic Performance by Gender
A3: Gender | B3: Average of Final_Grade | C3: Dropped_Out Rate
A4: F | B4: =ROUND(AVERAGEIFS(StudentData!$O$2:$O$301,StudentData!$B$2:$B$301,A4),1) -> 11.7 | C4: =COUNTIFS(StudentData!$B$2:$B$301,A4,StudentData!$P$2:$P$301,"TRUE")/COUNTIF(StudentData!$B$2:$B$301,A4) -> 0.16770186
A5: M | B5: =ROUND(AVERAGEIFS(StudentData!$O$2:$O$301,StudentData!$B$2:$B$301,A5),1) -> 12.2 | C5: =COUNTIFS(StudentData!$B$2:$B$301,A5,StudentData!$P$2:$P$301,"TRUE")/COUNTIF(StudentData!$B$2:$B$301,A5) -> 0.20863309

Sheet Column Description
A1: Column Descriptions:
A2: 1. School: Name of the school attended (e.g., MS).
A3: 2. Gender: Gender of the student (e.g., M for Male, F for Female).
A4: 3. Age: Age of the student.
A5: 4. Address: Type of residence (U for urban, R for rural).
A6: 7. Mother_Education: Education level of the mother (0 to 4).
A7: 8. Father_Education: Education level of the father (0 to 4).
A8: 9. Mother_Job: Type of job held by the mother.
A9: 10. Father_Job: Type of job held by the father.
A10: 11. Reason_for_Choosing_School: Reason for selecting the school (e.g., course).
A11: 12. Guardian: Guardian of the student (e.g., mother).
A12: 13. Travel_Time: Time taken to travel to school (in minutes).
... A27: 34. Dropped_Out: Indicator of whether the student has dropped out (True/False).
